url,size,description,name
http://www.mininova.org/tor/13277117,"
807.15 kilobyte","

Written Education Induced Schizophrenia Vol:16 ",Written Education Induced Schizophrenia Vol:16 
http://www.mininova.org/tor/13277116,"
1.19 megabyte","

Written Education Induced Neurosis Vol:14 ",Written Education Induced Neurosis Vol:14 
http://www.mininova.org/tor/13277112,"
957.21 kilobyte","

The Sane Vol: 11",The Sane Vol: 11
http://www.mininova.org/tor/13277110,"
1.68 megabyte","

The Quick and The Demotic--- Vol:8 ",The Quick and The Demotic--- Vol:8 
http://www.mininova.org/tor/13277115,"
805.84 kilobyte","

Vitiation Of The Scribes -- Vol:13",Vitiation Of The Scribes -- Vol:13
http://www.mininova.org/tor/13277111,"
498.66 kilobyte","

The Reverse Thing --- Vol:17 ",The Reverse Thing --- Vol:17 
http://www.mininova.org/tor/13277100,"
3.07 megabyte","

Anathema -- Vol:18",Anathema -- Vol:18
http://www.mininova.org/tor/13277101,"
1.09 megabyte","

Civilization: The Serpent Cult Vol:12 ",Civilization: The Serpent Cult Vol:12 
http://www.mininova.org/tor/13277118,"
2.39 megabyte","

Doe Fiend Records partners with Stack Or Starve Approved for the release of Trappa Twan's &ldquo;I Beg 2 Differ mixtape",Doe Fiend Records partners with Stack Or Starve Approved 4 Trappa Twan's Beg 2 Differ Mixtape
http://www.mininova.org/tor/13277102,"
1.09 megabyte","

Civilization: The Serpent Cult Vol:12 ",Civilization: The Serpent Cult Vol:12 
http://www.mininova.org/tor/13277103,"
1.09 megabyte","

Civilization: The Serpent Cult Vol:12 ",Civilization: The Serpent Cult Vol:12 
http://www.mininova.org/tor/13277104,"
1.86 megabyte","

Demotic Induced Neurosis Vol:7",Demotic Induced Neurosis Vol:7
http://www.mininova.org/tor/13277114,"
6.03 megabyte","

This Time They Perceive -- Vol:15",This Time They Perceive -- Vol:15
http://www.mininova.org/tor/13277105,"
1.06 megabyte","

Demotic --Vol:10",Demotic --Vol:10
http://www.mininova.org/tor/13277106,"
849.8 kilobyte","

Everything You Should Know Perhaps Nothing Vol:2",Everything You Should Know Perhaps Nothing Vol:2
http://www.mininova.org/tor/13277113,"
1.25 megabyte","

Things I Will Never Tell You -- Vol:6",Things I Will Never Tell You -- Vol:6
http://www.mininova.org/tor/13277107,"
2.16 megabyte","

I Unlocked My Subconscious Your Turn -- Vol:3",I Unlocked My Subconscious Your Turn -- Vol:3
http://www.mininova.org/tor/13277109,"
899.89 kilobyte","

Subconscious Demons and Conscious Delights - Vol:5",Subconscious Demons and Conscious Delights - Vol:5
http://www.mininova.org/tor/13277108,"
1.01 megabyte","

I Unlocked My Subconscious Your Turn -- Vol:4",I Unlocked My Subconscious Your Turn -- Vol:4
